{
  "num_games": 3,
  "total_time_s": 360.59450545799336,
  "total_decisions": 242632,
  "total_turns": 3,
  "games_per_second": 0.008319594321576479,
  "decisions_per_second": 672.8666031442481,
  "samples_per_hour": 2422319.771319293,
  "hours_to_1m": 0.4128274110793224,
  "avg_decision_ms": 1.4385678013453258,
  "median_decision_ms": 1.3332919916138053,
  "p95_decision_ms": 2.005834000010509,
  "decision_types": {
    "choose_action": 242632
  }
}