{
  "duration_seconds": 600.5971186161041,
  "total_games": 17536,
  "total_samples": 692775,
  "games_per_second": 29.197609273262,
  "samples_per_second": 1153.4770622880978,
  "samples_per_hour": 4152517.424237152,
  "hours_to_1m": 0.24081777337363186,
  "cost_to_1m_usd": 0.0385308437397811,
  "device": "cuda",
  "num_actors": 8,
  "gpu_info": {
    "cuda_available": true,
    "mps_available": false,
    "device_count": 1,
    "devices": [
      {
        "index": 0,
        "name": "Tesla T4",
        "total_memory_gb": 15.636037632,
        "compute_capability": "7.5",
        "multi_processor_count": 40
      }
    ]
  },
  "profiler_stats": {
    "elapsed_seconds": 604.0736203810001,
    "timings": {
      "forward_pass": {
        "count": 692775,
        "total_s": 389.0667116419976,
        "mean_ms": 0.5616061659875105,
        "median_ms": 0.5647280000289356,
        "std_ms": 0.37846352613397016,
        "min_ms": 0.48103000005994545,
        "max_ms": 201.26913000001423,
        "p95_ms": 0.590878000025441,
        "pct_of_total": 64.40716801978643
      },
      "selfplay_total": {
        "count": 548,
        "total_s": 593.6262080569984,
        "mean_ms": 1083.2595037536469,
        "median_ms": 1087.139088999976,
        "std_ms": 42.10330419112289,
        "min_ms": 962.6538039999559,
        "max_ms": 1289.2287010000132,
        "p95_ms": 1140.711857000042,
        "pct_of_total": 98.27050677740036
      },
      "forward_train": {
        "count": 1096,
        "total_s": 0.7844472379989895,
        "mean_ms": 0.7157365310209758,
        "median_ms": 0.7170364999922185,
        "std_ms": 0.03814517194989163,
        "min_ms": 0.5976080000209549,
        "max_ms": 1.009129000010489,
        "p95_ms": 0.7670840000173484,
        "pct_of_total": 0.12985954220351895
      },
      "loss": {
        "count": 1096,
        "total_s": 0.35481535000235453,
        "mean_ms": 0.3237366332138271,
        "median_ms": 0.27664850000519436,
        "std_ms": 1.6786242460856076,
        "min_ms": 0.21474899995155283,
        "max_ms": 55.840514000010444,
        "p95_ms": 0.3109060000952013,
        "pct_of_total": 0.05873710389448328
      },
      "backward": {
        "count": 1096,
        "total_s": 1.9671310450001158,
        "mean_ms": 1.7948275958030253,
        "median_ms": 1.800164000002269,
        "std_ms": 2.2343773489443803,
        "min_ms": 1.4337439999962953,
        "max_ms": 75.52856600000268,
        "p95_ms": 1.9099610000239409,
        "pct_of_total": 0.32564425570502664
      },
      "training_total": {
        "count": 548,
        "total_s": 6.94379208500132,
        "mean_ms": 12.671153439783431,
        "median_ms": 12.740021500036391,
        "std_ms": 5.50352232194739,
        "min_ms": 7.141821000004711,
        "max_ms": 138.07347100001266,
        "p95_ms": 13.347222999982478,
        "pct_of_total": 1.1494943415376666
      }
    },
    "counters": {
      "games": 17536,
      "samples": 692775
    },
    "memory": {
      "peak_gpu_mb": 0.0,
      "current_gpu_mb": 0.0
    }
  }
}